path,type,size_bytes
index.html,html,9118
about.html,html,3321
oem-odm.html,html,3359
factory.html,html,3343
contact.html,html,3331
snow-globe.html,html,6804
christmas-tree.html,html,4275
tree-topper.html,html,4181
halloween.html,html,5733
projector.html,html,3569
window-lantern.html,html,5789
ski-candle-lantern.html,html,5870
santa-candle-lantern.html,html,5582
new-santa-candle-lantern.html,html,5972
snowman-candle-lantern.html,html,5924
reindeer-christmas-tree.html,html,5854
snowman-christmas-tree.html,html,5630
oval-fireplace-lantern.html,html,5835
oval-reindeer-lantern.html,html,5904
long-santa-lantern.html,html,5557
orange-halloween-candle.html,html,5624
pink-halloween-candle.html,html,5588
green-halloween-candle.html,html,5606
snowflake-tree-topper.html,html,5685
star-tree-topper.html,html,5494
santa-tree-topper.html,html,5512
dual-lens-projector.html,html,5631
single-skeleton-lantern.html,html,5799
double-skeleton-lantern.html,html,5799
haunted-house-lantern.html,html,5757
pumpkin-lantern.html,html,5631
classic-angel-lantern.html,html,4425
angel-christmas-tree.html,html,4406
church-nativity-lantern.html,html,4439
sitemap.xml,xml,4106
robots.txt,text,63
README_V2.5.txt,text,64
README_GALLERY_UPDATE.txt,text,427
README_MEDIA_PATCH_01A.txt,text,209
README_MEDIA_PATCH_01B.txt,text,255
README_MEDIA_PATCH_02.txt,text,288
README_MEDIA_PATCH_03.txt,text,258
AOMIL_V2.5_GITHUB_READY_README.txt,text,778
assets/products/window-lantern/main.jpg,image,1058525
assets/products/window-lantern/media-01.jpg,image,1058525
assets/products/window-lantern/media-02.jpg,image,869802
assets/products/window-lantern/media-03.jpg,image,1570302
assets/products/window-lantern/media-04.jpg,image,1153795
assets/products/window-lantern/media-05.jpg,image,1652916
assets/products/window-lantern/media-06.jpg,image,1003626
assets/products/ski-candle-lantern/main.jpg,image,395813
assets/products/ski-candle-lantern/media-01.jpg,image,395813
assets/products/ski-candle-lantern/media-02.jpg,image,417947
assets/products/ski-candle-lantern/media-03.jpg,image,994131
assets/products/ski-candle-lantern/media-04.jpg,image,1032401
assets/products/ski-candle-lantern/media-05.jpg,image,300750
assets/products/ski-candle-lantern/media-06.jpg,image,908470
assets/products/santa-candle-lantern/main.jpg,image,1079790
assets/products/santa-candle-lantern/media-01.jpg,image,1079790
assets/products/santa-candle-lantern/media-02.jpg,image,1625913
assets/products/santa-candle-lantern/media-03.jpg,image,2099519
assets/products/santa-candle-lantern/media-04.jpg,image,1897589
assets/products/santa-candle-lantern/media-05.jpg,image,1795484
assets/products/santa-candle-lantern/media-06.jpg,image,1375858
assets/products/new-santa-candle-lantern/main.jpg,image,296115
assets/products/new-santa-candle-lantern/media-01.jpg,image,296115
assets/products/new-santa-candle-lantern/media-02.jpg,image,412438
assets/products/new-santa-candle-lantern/media-03.jpg,image,974345
assets/products/new-santa-candle-lantern/media-04.jpg,image,1007828
assets/products/new-santa-candle-lantern/media-05.jpg,image,876332
assets/products/new-santa-candle-lantern/media-06.jpg,image,1263224
assets/products/snowman-candle-lantern/main.jpg,image,897614
assets/products/snowman-candle-lantern/media-01.jpg,image,897614
assets/products/snowman-candle-lantern/media-02.jpg,image,1461206
assets/products/snowman-candle-lantern/media-03.jpg,image,2083750
assets/products/snowman-candle-lantern/media-04.jpg,image,1656650
assets/products/snowman-candle-lantern/media-05.jpg,image,1934013
assets/products/snowman-candle-lantern/media-06.jpg,image,675398
assets/products/reindeer-christmas-tree/main.jpg,image,1291822
assets/products/reindeer-christmas-tree/media-01.jpg,image,1291822
assets/products/reindeer-christmas-tree/media-02.jpg,image,1321944
assets/products/reindeer-christmas-tree/media-03.jpg,image,1228802
assets/products/reindeer-christmas-tree/media-04.jpg,image,2023451
assets/products/reindeer-christmas-tree/media-05.jpg,image,1268976
assets/products/reindeer-christmas-tree/media-06.jpg,image,894786
assets/products/snowman-christmas-tree/main.jpg,image,1201544
assets/products/snowman-christmas-tree/media-01.jpg,image,1201544
assets/products/snowman-christmas-tree/media-02.jpg,image,1244935
assets/products/snowman-christmas-tree/media-03.jpg,image,398496
assets/products/snowman-christmas-tree/media-04.jpg,image,1242056
assets/products/snowman-christmas-tree/media-05.jpg,image,2035221
assets/products/snowman-christmas-tree/media-06.jpg,image,887509
assets/products/oval-fireplace-lantern/main.jpg,image,563492
assets/products/oval-fireplace-lantern/media-01.jpg,image,563492
assets/products/oval-fireplace-lantern/media-02.jpg,image,471217
assets/products/oval-fireplace-lantern/media-03.jpg,image,1146533
assets/products/oval-fireplace-lantern/media-04.jpg,image,718173
assets/products/oval-fireplace-lantern/media-05.jpg,image,1229789
assets/products/oval-fireplace-lantern/media-06.jpg,image,642515
assets/products/oval-reindeer-lantern/main.jpg,image,620307
assets/products/oval-reindeer-lantern/media-01.jpg,image,620307
assets/products/oval-reindeer-lantern/media-02.jpg,image,441891
assets/products/oval-reindeer-lantern/media-03.jpg,image,1212447
assets/products/oval-reindeer-lantern/media-04.jpg,image,692530
assets/products/oval-reindeer-lantern/media-05.jpg,image,1312162
assets/products/oval-reindeer-lantern/media-06.jpg,image,649891
assets/products/long-santa-lantern/main.jpg,image,191457
assets/products/long-santa-lantern/media-01.jpg,image,191457
assets/products/long-santa-lantern/media-02.jpg,image,223909
assets/products/long-santa-lantern/media-03.jpg,image,154193
assets/products/long-santa-lantern/media-04.jpg,image,192461
assets/products/long-santa-lantern/media-05.jpg,image,232555
assets/products/long-santa-lantern/media-06.jpg,image,259422
assets/products/orange-halloween-candle/main.jpg,image,97099
assets/products/orange-halloween-candle/media-01.jpg,image,97099
assets/products/orange-halloween-candle/media-02.jpg,image,97110
assets/products/orange-halloween-candle/media-03.jpg,image,164720
assets/products/orange-halloween-candle/media-04.jpg,image,206811
assets/products/orange-halloween-candle/media-05.jpg,image,192371
assets/products/orange-halloween-candle/media-06.jpg,image,219002
assets/products/pink-halloween-candle/main.jpg,image,92807
assets/products/pink-halloween-candle/media-01.jpg,image,92807
assets/products/pink-halloween-candle/media-02.jpg,image,98886
assets/products/pink-halloween-candle/media-03.jpg,image,186022
assets/products/pink-halloween-candle/media-04.jpg,image,183306
assets/products/pink-halloween-candle/media-05.jpg,image,198281
assets/products/pink-halloween-candle/media-06.jpg,image,178779
assets/products/green-halloween-candle/main.jpg,image,95363
assets/products/green-halloween-candle/media-01.jpg,image,95363
assets/products/green-halloween-candle/media-02.jpg,image,112183
assets/products/green-halloween-candle/media-03.jpg,image,203919
assets/products/green-halloween-candle/media-04.jpg,image,199369
assets/products/green-halloween-candle/media-05.jpg,image,192371
assets/products/green-halloween-candle/media-06.jpg,image,336341
assets/products/snowflake-tree-topper/main.jpg,image,1965225
assets/products/snowflake-tree-topper/media-01.jpg,image,1965225
assets/products/snowflake-tree-topper/media-02.jpg,image,1737940
assets/products/snowflake-tree-topper/media-03.jpg,image,1526312
assets/products/snowflake-tree-topper/media-04.jpg,image,2127302
assets/products/snowflake-tree-topper/media-05.jpg,image,1216010
assets/products/snowflake-tree-topper/media-06.jpg,image,1704524
assets/products/star-tree-topper/main.jpg,image,1738518
assets/products/star-tree-topper/media-01.jpg,image,1738518
assets/products/star-tree-topper/media-02.jpg,image,1872865
assets/products/star-tree-topper/media-03.jpg,image,1736602
assets/products/star-tree-topper/media-04.jpg,image,2445016
assets/products/star-tree-topper/media-05.jpg,image,1686485
assets/products/star-tree-topper/media-06.jpg,image,1719524
assets/products/santa-tree-topper/main.jpg,image,1456672
assets/products/santa-tree-topper/media-01.jpg,image,1456672
assets/products/santa-tree-topper/media-02.jpg,image,2059208
assets/products/santa-tree-topper/media-03.jpg,image,1678795
assets/products/santa-tree-topper/media-04.jpg,image,1921341
assets/products/santa-tree-topper/media-05.jpg,image,1521017
assets/products/santa-tree-topper/media-06.jpg,image,1893765
assets/products/dual-lens-projector/main.jpg,image,2514468
assets/products/dual-lens-projector/media-01.jpg,image,2514468
assets/products/dual-lens-projector/media-02.jpg,image,1477863
assets/products/dual-lens-projector/media-03.jpg,image,1644980
assets/products/dual-lens-projector/media-04.jpg,image,1255354
assets/products/dual-lens-projector/media-05.jpg,image,1255269
assets/products/dual-lens-projector/media-06.jpg,image,1183331
assets/products/single-skeleton-lantern/main.jpg,image,452868
assets/products/single-skeleton-lantern/media-01.jpg,image,452868
assets/products/single-skeleton-lantern/media-02.jpg,image,532852
assets/products/single-skeleton-lantern/media-03.jpg,image,1315672
assets/products/single-skeleton-lantern/media-04.jpg,image,343260
assets/products/single-skeleton-lantern/media-05.jpg,image,1511216
assets/products/single-skeleton-lantern/media-06.jpg,image,1345761
assets/products/double-skeleton-lantern/main.jpg,image,454734
assets/products/double-skeleton-lantern/media-01.jpg,image,454734
assets/products/double-skeleton-lantern/media-02.jpg,image,513144
assets/products/double-skeleton-lantern/media-03.jpg,image,333831
assets/products/double-skeleton-lantern/media-04.jpg,image,1285343
assets/products/double-skeleton-lantern/media-05.jpg,image,1375335
assets/products/double-skeleton-lantern/media-06.jpg,image,1322969
assets/products/haunted-house-lantern/main.jpg,image,462880
assets/products/haunted-house-lantern/media-01.jpg,image,462880
assets/products/haunted-house-lantern/media-02.jpg,image,530692
assets/products/haunted-house-lantern/media-03.jpg,image,361604
assets/products/haunted-house-lantern/media-04.jpg,image,1299697
assets/products/haunted-house-lantern/media-05.jpg,image,1536965
assets/products/haunted-house-lantern/media-06.jpg,image,1330115
assets/products/pumpkin-lantern/main.jpg,image,463317
assets/products/pumpkin-lantern/media-01.jpg,image,463317
assets/products/pumpkin-lantern/media-02.jpg,image,547028
assets/products/pumpkin-lantern/media-03.jpg,image,335605
assets/products/pumpkin-lantern/media-04.jpg,image,1318977
assets/products/pumpkin-lantern/media-05.jpg,image,1632191
assets/products/pumpkin-lantern/media-06.jpg,image,1346220
assets/products/classic-angel-lantern/main.png,image,2496216
assets/products/angel-christmas-tree/main.png,image,2411100
assets/products/church-nativity-lantern/main.png,image,2687706
